name,int,auto,init,type,field,method,dyn,size
VMT_4010EC_TObject,0,0,0,0,0,0,0,4
VMT_8560EC_TAD,0,0,0,0,0,0,0,4
VMT_850EA8_TStringsEC,0,0,0,0,0,0,0,16
VMT_850E3C_TStringsElEC,0,0,8720008,0,0,0,0,20
VMT_847360_TPixelFormatGR,0,0,0,0,0,0,0,76
VMT_8316F8_TTextureGR,0,0,8591172,0,0,0,0,20
VMT_830678_TOggWorker,0,0,0,0,0,0,0,740
VMT_81BF50_TSpaceSE,0,0,0,0,0,0,0,108
VMT_80CB20_TProcessSE,0,0,0,0,0,0,0,80
VMT_8054F8_TShip2AnimSE,0,0,8410436,0,0,0,0,28
VMT_7F26D0_TEFilmObj,0,0,8333084,0,0,0,0,28
VMT_7850EC_TStar,0,0,7885112,0,0,0,0,276
VMT_6DD948_TPlayerHoldUnit,0,0,0,0,0,0,0,28
VMT_68C688_TWeaponEffect,0,0,6866644,0,0,0,0,64
VMT_63E3F0_TLibraryCache,0,0,0,0,0,0,0,8
VMT_63E380_TLibraryHandler,0,0,6546380,0,0,0,0,16
VMT_63E324_TScriptGICache,0,0,0,0,0,0,0,8
VMT_63E2B0_TScriptGICacheUnit,0,0,6546172,0,0,0,0,16
VMT_63E254_TScriptCache,0,0,0,0,0,0,0,8
VMT_63E1DC_TScriptCacheUnit,0,0,6545960,0,0,0,0,28
VMT_5D1A00_TfQuestA,0,0,0,0,0,0,0,20
VMT_588ED8_TAchievementStats,0,0,0,0,0,0,0,48
VMT_5716C8_TfScoreUnit,0,0,5707540,0,0,0,0,124
VMT_51CFB8_TSputnikTempl,0,0,5361668,0,0,0,0,12
VMT_51CF34_TPlanetTempl,0,0,5361536,0,0,0,0,24
VMT_4D36D0_TEtherUnit,0,0,5060380,0,0,0,0,20
VMT_4D234C_TSPath,0,0,0,0,0,0,0,24
VMT_4D02D4_TPolygon2D,0,0,0,0,0,0,0,60
VMT_4BCFFC_TCCInterface,0,0,0,0,0,0,0,16
VMT_4BCF88_TCursorUnit,0,0,4968404,0,0,0,0,28
VMT_4BCCE4_TQuestMessages,0,0,0,0,0,0,0,8
VMT_4B9168_TPackCollectionEC,0,0,0,0,0,0,0,532
VMT_4B9100_THashEC,0,0,4952396,0,0,0,0,53276
VMT_4B9094_TPackFileEC,0,0,4952288,0,0,0,0,528
VMT_4B9020_THsFolderEC,0,0,4952172,0,0,0,0,36
VMT_4A6E58_TStarFieldList,0,0,0,0,0,0,0,16
VMT_4910E0_TMultiImageImageGI,0,0,0,0,0,0,0,24
VMT_491080_TMultiImageRowGI,0,0,0,0,0,0,0,24
VMT_491020_TMultiImageColGI,0,0,0,0,0,0,0,28
VMT_490FC0_TMultiImageUnitGI,0,0,0,0,0,0,0,40
VMT_469054_TRectGR,0,0,0,0,0,0,0,28
VMT_456D0C_TCompilerEC,0,0,0,0,0,0,0,12
VMT_456C9C_TCompilerUnitEC,0,0,4549864,0,0,0,0,48
VMT_456C34_TCodeEC,0,0,4549760,0,0,0,0,40
VMT_456BD8_TCodeProcessEC,0,0,0,0,0,0,0,12
VMT_456B80_TCodeUnitEC,0,0,0,0,0,0,0,44
VMT_456B24_TExpressionEC,0,0,0,0,0,0,0,28
VMT_456AAC_TExpressionVarEC,0,0,4549368,0,0,0,0,20
VMT_456A10_TExpressionInstrEC,0,0,4549212,0,0,0,0,16
VMT_45698C_TCodeAnalyzerEC,0,0,0,0,0,0,0,20
VMT_456918_TCodeAnalyzerUnitEC,0,0,4548964,0,0,0,0,28
VMT_4568C0_TVarArrayEC,0,0,0,0,0,0,0,16
VMT_456820_TVarEC,0,0,4548716,0,0,0,0,60
VMT_455BD4_TObjectEx,0,0,0,0,0,0,0,4
VMT_84F63C_TFileEC,0,0,8713864,0,0,0,0,16
VMT_84DBD4_TBufEC,0,0,0,0,0,0,0,20
VMT_84D710_TGraphBufPalGR,0,0,0,0,0,0,0,32
VMT_8473BC_TGraphBufGR,0,0,8680456,0,0,0,0,44
VMT_830F94_TThreadEC,0,0,0,0,0,0,0,44
VMT_85613C_TSteamCallbacksThread,0,0,0,0,0,0,0,44
VMT_82C4DC_TMusicControl,0,0,8570156,0,0,0,0,68
VMT_82C46C_TMusicUnit,0,0,8570044,0,0,0,0,84
VMT_7FDB14_TThreadCreateNewGame,0,0,8379236,0,0,0,0,76
VMT_7CAF2C_TThreadCalc,0,0,0,0,0,0,0,48
VMT_674FB8_TfFilmLoader,0,0,0,0,0,0,0,44
VMT_659254_TCacheLoader,0,0,0,0,0,0,0,56
VMT_652CE8_TThreadGameLoad,0,0,0,0,0,0,0,48
VMT_63E17C_TScriptThread,0,0,0,0,0,0,0,44
VMT_51A924_TSaver,0,0,5351796,0,0,0,0,68
VMT_48F3DC_TGAIFileThreadGI,0,0,0,0,0,0,0,48
VMT_456004_TFileStreamEC,0,0,0,0,0,0,0,88
VMT_82D99C_TSoundControl,0,0,8575464,0,0,0,0,48
VMT_82D928_TSoundBuffer,0,0,8575348,0,0,0,0,104
VMT_82D8B4_TSoundBufferControl,0,0,8575232,0,0,0,0,28
VMT_828E68_TBlockParEC,0,0,8556212,0,0,0,0,36
VMT_828D9C_TBlockParElEC,0,0,8556008,0,0,0,0,44
VMT_822C10_TDataEC,0,0,8531036,0,0,0,0,44
VMT_822B64_TDataElEC,0,0,8530864,0,0,0,0,36
VMT_822B0C_TDataFileEC,0,0,0,0,0,0,0,16
VMT_8214F0_TCacheEC,0,0,0,0,0,0,0,28
VMT_82147C_TCacheDataEC,0,0,8525008,0,0,0,0,32
VMT_821090_TCSoundEC,0,0,0,0,0,0,0,60
VMT_820D28_TCBitmapEC,0,0,0,0,0,0,0,36
VMT_530F80_TCBufEC,0,0,0,0,0,0,0,36
VMT_49CC90_TCPlanetTemplEC,0,0,0,0,0,0,0,40
VMT_49C658_TCLightPalEC,0,0,0,0,0,0,0,36
VMT_48BD18_TCHSAIEC,0,0,0,0,0,0,0,52
VMT_48A35C_TCRotateBufEC,0,0,0,0,0,0,0,36
VMT_48A06C_TCPalBitmapEC,0,0,0,0,0,0,0,36
VMT_47A990_TCFontEC,0,0,4696548,0,0,0,0,92
VMT_4737B4_TCGaiEC,0,0,4667400,0,0,0,0,60
VMT_46F9FC_TCGiEC,0,0,4651600,0,0,0,0,52
VMT_46C4E8_TCAlphaBitmapEC,0,0,0,0,0,0,0,56
VMT_46B5D8_TCTBitmapEC,0,0,0,0,0,0,0,44
VMT_8213F4_TCacheControlEC,0,0,8524888,0,0,0,0,24
VMT_821018_TCSoundControlEC,0,0,0,0,0,0,0,24
VMT_820CB0_TCBitmapControlEC,0,0,0,0,0,0,0,24
VMT_530F0C_TCBufControlEC,0,0,0,0,0,0,0,24
VMT_49CC14_TCPlanetTemplControlEC,0,0,0,0,0,0,0,24
VMT_49C5E0_TCLightPalControlEC,0,0,0,0,0,0,0,24
VMT_48BCA4_TCHSAIControlEC,0,0,0,0,0,0,0,24
VMT_48A2E0_TCRotateBufControlEC,0,0,0,0,0,0,0,24
VMT_489FF0_TCPalBitmapControlEC,0,0,0,0,0,0,0,24
VMT_47A8F4_TCFontControlEC,0,0,0,0,0,0,0,24
VMT_47371C_TCGaiControlEC,0,0,0,0,0,0,0,24
VMT_46F964_TCGiControlEC,0,0,0,0,0,0,0,24
VMT_46C46C_TCAlphaBitmapControlEC,0,0,0,0,0,0,0,24
VMT_46B560_TCTBitmapControlEC,0,0,0,0,0,0,0,24
VMT_81DDFC_TfPanelLoad,0,0,0,0,0,0,0,160
VMT_81BE7C_TObjectSE,0,0,8503076,0,0,0,0,76
VMT_80E3BC_TStarSE,0,0,8447076,0,0,0,0,120
VMT_80C2AC_TMeteoriteSE,0,0,8438612,0,0,0,0,100
VMT_80AFA0_TAngelSE,0,0,8433736,0,0,0,0,188
VMT_8097BC_TCometSE,0,0,8427620,0,0,0,0,288
VMT_809488_TBGObjSE,0,0,8426800,0,0,0,0,88
VMT_808F00_TAnimSE,0,0,8425384,0,0,0,0,104
VMT_808514_TLaserSE,0,0,0,0,0,0,0,120
VMT_80815C_TStarsFieldSE,0,0,8421892,0,0,0,0,88
VMT_80556C_TShip2SE,0,0,8410644,0,0,0,0,428
VMT_800F0C_TPlanetSE,0,0,8392628,0,0,0,0,312
VMT_7F6110_TContainerSE,0,0,8348088,0,0,0,0,92
VMT_7D3030_THoleSE,0,0,8204504,0,0,0,0,104
VMT_780E1C_TSputnikSE,0,0,7868100,0,0,0,0,180
VMT_780798_TAsteroidSE,0,0,7866432,0,0,0,0,96
VMT_7099E0_TRuinsSE,0,0,7379592,0,0,0,0,212
VMT_68C6F4_TWeaponSE,0,0,6866844,0,0,0,0,216
VMT_5F8984_TGAIEffectSE,0,0,6261292,0,0,0,0,112
VMT_4E66A4_TMissileSE,0,0,0,0,0,0,0,92
VMT_4CF3EC_TGateEffectSE,0,0,0,0,0,0,0,92
VMT_4CF328_TGateSE,0,0,5043152,0,0,0,0,116
VMT_7F8F90_TfPanelMain,0,0,0,0,0,0,0,136
VMT_7F80E4_TfPanelPlanet,0,0,0,0,0,0,0,8
VMT_7F2760_TEFilm,0,0,8333228,0,0,0,0,96
VMT_7D3884_TItem,0,0,8206588,0,0,0,0,56
VMT_7D4044_TGoods,0,0,0,0,0,0,0,64
VMT_7D3914_TEquipment,0,0,8206764,0,0,0,0,96
VMT_7D4588_TMicroModule,0,0,0,0,0,0,0,96
VMT_7D44C0_TTreasureMap,0,0,8209752,0,0,0,0,112
VMT_7D441C_TSatellite,0,0,0,0,0,0,0,116
VMT_7D4378_TCistern,0,0,0,0,0,0,0,104
VMT_7D4210_TEquipmentWithActCode,0,0,0,0,0,0,0,104
VMT_7D4630_TArtefact,0,0,0,0,0,0,0,104
VMT_7D4840_TArtefactCustom,0,0,8210652,0,0,0,0,132
VMT_7D478C_TArtefactTranclucator,0,0,0,0,0,0,0,108
VMT_7D46D8_TArtefactTransmitter,0,0,0,0,0,0,0,108
VMT_7D42C0_TUselessItem,0,0,8209240,0,0,0,0,120
VMT_7D40C4_TCountableItem,0,0,0,0,0,0,0,104
VMT_7D416C_TProtoplasm,0,0,0,0,0,0,0,104
VMT_7D3EEC_TWeapon,0,0,0,0,0,0,0,128
VMT_7D3F94_TCustomWeapon,0,0,0,0,0,0,0,132
VMT_7D3E44_TDefGenerator,0,0,0,0,0,0,0,104
VMT_7D3DA0_TCargoHook,0,0,0,0,0,0,0,116
VMT_7D3CF8_TRepairRobot,0,0,0,0,0,0,0,100
VMT_7D3C58_TScaner,0,0,0,0,0,0,0,100
VMT_7D3BB8_TRadar,0,0,0,0,0,0,0,104
VMT_7D3B18_TEngine,0,0,0,0,0,0,0,108
VMT_7D3A74_TFuelTanks,0,0,0,0,0,0,0,108
VMT_7D39D4_THull,0,0,0,0,0,0,0,132
VMT_7CA2A4_TfPanelRuins,0,0,0,0,0,0,0,8
VMT_7C36CC_TShopSlot,0,0,0,0,0,0,0,40
VMT_785040_TCustomSystemInfo,0,0,7884940,0,0,0,0,24
VMT_784FDC_THole,0,0,7884840,0,0,0,0,52
VMT_784F80_TConstellation,0,0,0,0,0,0,0,140
VMT_784F10_TGalaxy,0,0,7884636,0,0,0,0,476
VMT_784E84_TStoredItem,0,0,7884496,0,0,0,0,12
VMT_784E04_TInterfaceSizeOverride,0,0,7884368,0,0,0,0,28
VMT_784D88_TInterfacePosOverride,0,0,7884244,0,0,0,0,48
VMT_784CF8_TInterfaceImageOverride,0,0,7884100,0,0,0,0,20
VMT_784C68_TInterfaceTextOverride,0,0,7883956,0,0,0,0,20
VMT_784BE8_TInterfaceStateOverride,0,0,7883828,0,0,0,0,16
VMT_77F910_TAsteroid,0,0,0,0,0,0,0,60
VMT_7689C0_TPlanet,0,0,7768588,0,0,0,0,360
VMT_768968_TSputnik,0,0,0,0,0,0,0,16
VMT_732FB0_TShip,0,0,7549132,0,0,0,0,1232
VMT_728D78_TNormalShip,0,0,0,0,0,0,0,1296
VMT_710EF0_TRanger,0,0,0,0,0,0,0,1376
VMT_5798A0_TPlayer,0,0,5740992,0,0,0,0,2448
VMT_70AD60_TTransport,0,0,0,0,0,0,0,1300
VMT_50E760_TWarrior,0,0,0,0,0,0,0,1300
VMT_504294_TPirate,0,0,0,0,0,0,0,1308
VMT_700E08_TRuins,0,0,0,0,0,0,0,1384
VMT_64DC20_TTranclucator,0,0,6610236,0,0,0,0,1260
VMT_5DD5A0_TKling,0,0,0,0,0,0,0,1244
VMT_6BF2C0_TfTalkA,0,0,7074572,0,0,0,0,36
VMT_691A30_TEObjInfo,0,0,6888060,0,0,0,0,36
VMT_690EA4_TEFilmEnd,0,0,0,0,0,0,0,12
VMT_6512EC_TFilmFile,0,0,0,0,0,0,0,16
VMT_63E10C_TScript,0,0,6545752,0,0,0,0,96
VMT_63E074_TScriptDialogAnswer,0,0,6545600,0,0,0,0,16
VMT_63E004_TScriptDialogMsg,0,0,6545488,0,0,0,0,12
VMT_63DF98_TScriptDialog,0,0,6545380,0,0,0,0,12
VMT_63DEFC_TScriptState,0,0,6545224,0,0,0,0,76
VMT_63DE30_TScriptGroup,0,0,6545020,0,0,0,0,112
VMT_63DD8C_TScriptItem,0,0,6544856,0,0,0,0,100
VMT_63DD08_TScriptPlace,0,0,6544724,0,0,0,0,52
VMT_63DC9C_TScriptShip,0,0,6544616,0,0,0,0,44
VMT_63DC38_TScriptConstellation,0,0,0,0,0,0,0,8
VMT_63DBB4_TScriptStar,0,0,6544384,0,0,0,0,32
VMT_5E5014_TModInfo,0,0,6180960,0,0,0,0,72
VMT_5797FC_TJournalRecord,0,0,5740616,0,0,0,0,12
VMT_5459E0_TabSpace,0,0,5528108,0,0,0,0,108
VMT_544790_TabObject,0,0,5523440,0,0,0,0,176
VMT_543168_TabHit,0,0,0,0,0,0,0,208
VMT_4F8FA4_TabShip,0,0,5214212,0,0,0,0,736
VMT_4F5450_TabShipAI,0,0,0,0,0,0,0,904
VMT_4F8698_TabWall,0,0,0,0,0,0,0,224
VMT_542388_TabItem,0,0,0,0,0,0,0,196
VMT_4F2448_TabW18,0,0,0,0,0,0,0,204
VMT_4F1B68_TabW17,0,0,0,0,0,0,0,196
VMT_4F1254_TabW16,0,0,0,0,0,0,0,196
VMT_4F0B70_TabW15,0,0,0,0,0,0,0,200
VMT_4F0628_TabW14,0,0,0,0,0,0,0,192
VMT_4EFFB8_TabW13,0,0,0,0,0,0,0,196
VMT_4EF904_TabW12,0,0,0,0,0,0,0,204
VMT_4EF128_TabW11,0,0,0,0,0,0,0,228
VMT_4EE838_TabW10,0,0,0,0,0,0,0,228
VMT_4EE07C_TabW09,0,0,0,0,0,0,0,192
VMT_4ED9AC_TabW08,0,0,0,0,0,0,0,196
VMT_4ED22C_TabW07,0,0,0,0,0,0,0,204
VMT_4ECCC8_TabW06,0,0,0,0,0,0,0,196
VMT_4EC4C0_TabW05,0,0,0,0,0,0,0,228
VMT_4EBCA0_TabW04,0,0,0,0,0,0,0,200
VMT_4EB778_TabW03,0,0,0,0,0,0,0,188
VMT_4EB178_TabW02,0,0,0,0,0,0,0,196
VMT_4EA8D4_TabW01,0,0,0,0,0,0,0,236
VMT_51D364_TMessagePlayer,0,0,5362608,0,0,0,0,68
VMT_51CEBC_TScriptTemplUnit,0,0,5361416,0,0,0,0,32
VMT_4EA25C_TGalaxyEvent,0,0,5153448,0,0,0,0,20
VMT_4E6D8C_TMissile,0,0,0,0,0,0,0,116
VMT_4E6DF4_TCustomMissile,0,0,0,0,0,0,0,120
VMT_4E5354_TGroup,0,0,5133216,0,0,0,0,36
VMT_4E0064_TTextQuest,0,0,5111984,0,0,0,0,128
VMT_4DFCF8_TTextQuestInterface,0,0,0,0,0,0,0,4
VMT_5D1B1C_TTextQuestPlayerInterface,0,0,0,0,0,0,0,4
VMT_4DF904_TSequence,0,0,0,0,0,0,0,20
VMT_4DDE8C_TLocation,0,0,5103320,0,0,0,0,64
VMT_4DC87C_TPath,0,0,0,0,0,0,0,232
VMT_4DBDE4_TParameterDelta,0,0,0,0,0,0,0,48
VMT_4D6E94_TCalcParse,0,0,5074656,0,0,0,0,28
VMT_4D6928_TCPVariant,0,0,0,0,0,0,0,28
VMT_4D5910_TParameter,0,0,5069148,0,0,0,0,60
VMT_4D55EC_TEvent,0,0,0,0,0,0,0,20
VMT_4D48AC_TCPDiapazone,0,0,5064952,0,0,0,0,16
VMT_4D410C_TValuesList,0,0,5063000,0,0,0,0,16
VMT_4D3F00_TParViewString,0,0,0,0,0,0,0,16
VMT_4D3CFC_TTextField,0,0,5061960,0,0,0,0,8
VMT_4D373C_TEther,0,0,0,0,0,0,0,24
VMT_4CC99C_TSoundRndSE,0,0,5032424,0,0,0,0,24
VMT_4B1EB4_TMessageLoopGI,0,0,4923200,0,0,0,0,208
VMT_7F8FE8_TMessageLoopGIWithMainPanel,0,0,0,0,0,0,0,212
VMT_7F67A8_TfPlanet,0,0,0,0,0,0,0,224
VMT_7CB7F8_TfPlanetNO,0,0,0,0,0,0,0,31064
VMT_7C3724_TfEquipmentShop,0,0,0,0,0,0,0,288
VMT_7BBA3C_TfGoodsShop2,0,0,0,0,0,0,0,404
VMT_6DD9CC_TfShip2,0,0,0,0,0,0,0,1428
VMT_6B5F2C_TfGov,0,0,7036856,0,0,0,0,312
VMT_694238_TfStarMap,0,0,6898372,0,0,0,0,628
VMT_662B90_TfGalaxy2,0,0,6695964,0,0,0,0,328
VMT_65AF2C_TfHangar,0,0,0,0,0,0,0,432
VMT_59C244_TfRuinsTalk,0,0,5882576,0,0,0,0,264
VMT_58D6A8_TfInfo,0,0,0,0,0,0,0,248
VMT_55B73C_TfRating2,0,0,5617608,0,0,0,0,264
VMT_5570E0_TfJournal,0,0,0,0,0,0,0,224
VMT_6D4AF8_TfScaner,0,0,0,0,0,0,0,648
VMT_6BF328_TfTalk,0,0,7074740,0,0,0,0,308
VMT_675018_TfFilm,0,0,0,0,0,0,0,304
VMT_672398_TfMainForm,0,0,6759460,0,0,0,0,244
VMT_66C4F4_TfModsManager,0,0,6735232,0,0,0,0,248
VMT_661D34_TfJump,0,0,0,0,0,0,0,236
VMT_6592B4_TfLoad,0,0,0,0,0,0,0,264
VMT_653A18_TfSaveManager,0,0,0,0,0,0,0,228
VMT_652D48_TfGameLoad,0,0,0,0,0,0,0,236
VMT_6518AC_TfIntroduction,0,0,0,0,0,0,0,240
VMT_5FA1B0_TfCustomLoop,0,0,6267452,0,0,0,0,216
VMT_5F8E98_TfCount1,0,0,6262564,0,0,0,0,248
VMT_5F7A64_TfGameMenu,0,0,0,0,0,0,0,208
VMT_5E74A0_TfCfgSettings,0,0,6190380,0,0,0,0,320
VMT_5DA308_TfGameEnd,0,0,0,0,0,0,0,228
VMT_5D1A58_TfPlanetQuest,0,0,6101732,0,0,0,0,276
VMT_58BA48_TfRewards,0,0,0,0,0,0,0,228
VMT_58AB68_TfAbout,0,0,0,0,0,0,0,228
VMT_57174C_TfScore,0,0,0,0,0,0,0,216
VMT_562EA4_TfGameSettings2,0,0,5648176,0,0,0,0,364
VMT_55A23C_TfSelectFace,0,0,5612232,0,0,0,0,272
VMT_552CAC_TfLoadRobot,0,0,5582136,0,0,0,0,248
VMT_54F2FC_TfLoadQuest,0,0,5567368,0,0,0,0,240
VMT_54D450_TfLoadAB,0,0,5559516,0,0,0,0,228
VMT_531F38_TfAB,0,0,5447620,0,0,0,0,856
VMT_52F8D8_TfAchievements,0,0,5437796,0,0,0,0,212
VMT_51909C_TfChameleon,0,0,0,0,0,0,0,244
VMT_517A58_TfCount2,0,0,5339876,0,0,0,0,260
VMT_4FC8B4_TfTextBox,0,0,5228864,0,0,0,0,228
VMT_4FB910_TfListBox,0,0,5224860,0,0,0,0,232
VMT_4CE244_TMessageBoxGI,0,0,5038800,0,0,0,0,220
VMT_4B1E30_TFormSoundGroup,0,0,0,0,0,0,0,28
VMT_4B1CC4_TObjectGI,0,0,4922840,0,0,0,0,288
VMT_4D3304_TPSWeaponGI,0,0,0,0,0,0,0,304
VMT_68ADC4_TPSRadEffectGI,0,0,0,0,0,0,0,356
VMT_68A230_TPSPDWeaponGI,0,0,0,0,0,0,0,324
VMT_688B38_TPSEyesGI,0,0,0,0,0,0,0,348
VMT_68795C_TPSWeapon17Kafacitor,0,0,0,0,0,0,0,352
VMT_686270_TPSWeapon16Esodafer,0,0,0,0,0,0,0,360
VMT_68534C_TPSWeapon13IMHO,0,0,0,0,0,0,0,336
VMT_6839E4_TPSWeapon12Turbogravir,0,0,0,0,0,0,0,692
VMT_683B1C_TPSBlueWhirlGI,0,0,0,0,0,0,0,696
VMT_682348_TPSWeapon11Desintegrator,0,0,0,0,0,0,0,368
VMT_68155C_TPSWeapon10AVision,0,0,0,0,0,0,0,332
VMT_67FC74_TPSWeapon09BranchGI,0,0,0,0,0,0,0,328
VMT_67FB2C_TPSWeapon09MResonator,0,0,6814796,0,0,0,0,352
VMT_67EE94_TPSWeapon08ECutter,0,0,0,0,0,0,0,336
VMT_67D918_TPSWeapon07Blaster,0,0,0,0,0,0,0,336
VMT_67C9F4_TPSWeapon06Phaser,0,0,0,0,0,0,0,324
VMT_67B7A0_TPSWeapon05Treton,0,0,0,0,0,0,0,352
VMT_67A3FC_TPSWeapon03Lezka,0,0,0,0,0,0,0,356
VMT_678E48_TPSWeapon02FragCannon,0,0,0,0,0,0,0,336
VMT_677984_TPSWeapon01Laser,0,0,0,0,0,0,0,356
VMT_4CD1B0_TTailGI,0,0,5034692,0,0,0,0,352
VMT_4B1268_TfPopUpController,0,0,0,0,0,0,0,316
VMT_4B02FC_TCursorGI,0,0,4916240,0,0,0,0,316
VMT_4AD9D8_TxvidGI,0,0,4905708,0,0,0,0,368
VMT_4AC35C_TPolyLineGI,0,0,0,0,0,0,0,320
VMT_4AB460_TSpaceImgGI,0,0,0,0,0,0,0,312
VMT_4AA5AC_TSpaceCircleGI,0,0,0,0,0,0,0,340
VMT_4A91C0_TStarFieldImgGI,0,0,0,0,0,0,0,344
VMT_4A6728_TShrLightGI,0,0,0,0,0,0,0,312
VMT_4A56AC_TCircleGI,0,0,0,0,0,0,0,320
VMT_4A1E98_TFrameGI,0,0,0,0,0,0,0,304
VMT_4A1AB0_TLineGI,0,0,0,0,0,0,0,292
VMT_4A1334_TRadioGroupGI,0,0,0,0,0,0,0,296
VMT_4A0B74_TCheckBoxGI,0,0,0,0,0,0,0,312
VMT_49D014_TPlanetGI,0,0,0,0,0,0,0,428
VMT_49A890_TCountBarGI,0,0,0,0,0,0,0,348
VMT_49834C_TEditGI,0,0,4818016,0,0,0,0,364
VMT_497B04_TZoneGI,0,0,0,0,0,0,0,328
VMT_494774_TGraphButtonGI,0,0,4802696,0,0,0,0,500
VMT_493020_TTextButtonGI,0,0,4796724,0,0,0,0,344
VMT_492930_TSimpleButtonGI,0,0,0,0,0,0,0,300
VMT_492230_TDoorGI,0,0,0,0,0,0,0,312
VMT_491140_TMultiImageGI,0,0,0,0,0,0,0,312
VMT_48F440_TGAIFileGI,0,0,0,0,0,0,0,424
VMT_48EE4C_TInfiniteImageGI,0,0,0,0,0,0,0,292
VMT_48D9A4_TRotateImageGaiGI,0,0,4774584,0,0,0,0,452
VMT_48C204_TRotateImage5GI,0,0,4768536,0,0,0,0,8660
VMT_48B158_TRotateImage2GI,0,0,0,0,0,0,0,304
VMT_48A7A8_TRotateImageGI,0,0,0,0,0,0,0,300
VMT_4894EC_TSBPathGI,0,0,4756992,0,0,0,0,328
VMT_47F624_TLabelGI,0,0,0,0,0,0,0,364
VMT_47A074_TAImageGI,0,0,0,0,0,0,0,300
VMT_476CFC_TgaiGI,0,0,4681232,0,0,0,0,380
VMT_475930_TImageGI,0,0,4676164,0,0,0,0,324
VMT_474590_TGraphBufGI,0,0,0,0,0,0,0,300
VMT_472530_TgiGI,0,0,0,0,0,0,0,296
VMT_46CB48_TAlphaImageGI,0,0,0,0,0,0,0,296
VMT_46B8FC_TTransImageGI,0,0,0,0,0,0,0,296
VMT_46A818_TSimpleImageGI,0,0,0,0,0,0,0,296
VMT_4698C0_TPanelGI,0,0,0,0,0,0,0,316
VMT_4A80F8_TStarFieldMGI,0,0,0,0,0,0,0,376
VMT_4A6EB4_TStarFieldGI,0,0,0,0,0,0,0,400
VMT_4A05D0_TPlanetButtonGI,0,0,0,0,0,0,0,332
VMT_49BBB0_TStatusBarGI,0,0,0,0,0,0,0,356
VMT_488534_TWindowGI,0,0,0,0,0,0,0,380
VMT_487480_TPanelScrollBarGI,0,0,0,0,0,0,0,364
VMT_4A2720_TGridGI,0,0,4859960,0,0,0,0,448
VMT_4834BC_TScrollBarGI,0,0,0,0,0,0,0,472
VMT_46DA64_TgiGR,0,0,0,0,0,0,0,20
VMT_4690A8_TArrayRectGR,0,0,0,0,0,0,0,12
VMT_44ADE0_TMonitor,0,0,0,0,0,0,0,12
VMT_4414D8_TChangeLink,0,0,0,0,0,0,4461860,16
VMT_43188C_TMouse,0,0,0,0,0,0,0,40
VMT_4316BC_TDockZone,0,0,0,0,0,0,0,40
VMT_42F9E4_TDragObject,0,0,0,0,0,0,0,52
VMT_42FA88_TBaseDragControlObject,0,0,0,0,0,0,0,60
VMT_42FC68_TDragDockObject,0,0,0,0,0,0,0,112
VMT_42FD2C_TDragDockObjectEx,0,0,0,0,0,0,0,112
VMT_42FB4C_TDragControlObject,0,0,0,0,0,0,0,64
VMT_42FBD8_TDragControlObjectEx,0,0,0,0,0,0,0,64
VMT_42C338_TThemeServices,0,0,0,0,0,0,0,112
VMT_42C1B8_TConversion,0,0,0,0,0,0,0,4
VMT_428548_TSynchroObject,0,0,0,0,0,0,0,4
VMT_4285AC_TCriticalSection,0,0,0,0,0,0,0,28
VMT_427374_THelpViewerNode,0,0,4355008,0,0,0,0,12
VMT_4266B0_TOrderedList,0,0,0,0,0,0,0,8
VMT_426718_TStack,0,0,0,0,0,0,0,8
VMT_443A54_TMenuItemStack,0,0,0,0,0,0,0,8
VMT_425C24_TPatternManager,0,0,0,0,0,0,0,32
VMT_42181C_TClipboardFormats,0,0,0,0,0,0,0,12
VMT_41DF60_TResourceManager,0,0,0,0,0,0,0,36
VMT_41DB30_TSharedImage,0,0,0,0,0,0,0,8
VMT_833F74_TJPEGData,0,0,0,0,0,0,0,24
VMT_41DE18_TIconImage,0,0,0,0,0,0,0,24
VMT_41DCD0_TBitmapImage,0,0,0,0,0,0,0,116
VMT_41DB90_TMetafileImage,0,0,0,0,0,0,0,36
VMT_41C9CC_TRegistry,0,0,4311576,0,0,0,0,28
VMT_418320_TPropFixup,0,0,4293488,0,0,0,0,24
VMT_418398_TPropIntfFixup,0,0,0,0,0,0,0,24
VMT_415540_TIntConst,0,0,0,0,0,0,0,16
VMT_414890_TRegGroups,0,0,0,0,0,0,0,36
VMT_414838_TRegGroup,0,0,0,0,0,0,0,20
VMT_414634_TBasicActionLink,0,0,0,0,0,0,0,20
VMT_440668_TActionLink,0,0,0,0,0,0,0,24
VMT_442E70_TMenuActionLink,0,0,0,0,0,0,0,28
VMT_42FE68_TControlActionLink,0,0,0,0,0,0,0,28
VMT_430DA8_TWinControlActionLink,0,0,0,0,0,0,0,36
VMT_42D55C_TButtonActionLink,0,0,0,0,0,0,0,44
VMT_414298_TFiler,0,0,0,0,0,0,0,40
VMT_4142FC_TReader,0,0,4277104,0,0,0,0,124
VMT_41423C_TClassFinder,0,0,0,0,0,0,0,8
VMT_413DD4_TStream,0,0,0,0,0,0,0,4
VMT_413F30_TCustomMemoryStream,0,0,0,0,0,0,0,16
VMT_414028_TResourceStream,0,0,0,0,0,0,0,24
VMT_413FAC_TMemoryStream,0,0,0,0,0,0,0,20
VMT_413E44_THandleStream,0,0,0,0,0,0,0,8
VMT_413EBC_TFileStream,0,0,0,0,0,0,0,8
VMT_4139B0_TPersistent,0,0,0,4274728,0,0,4274696,4
VMT_4492CC_TControlScrollBar,0,0,0,4494140,0,0,0,72
VMT_4300E4_TSizeConstraints,0,0,0,4391260,0,0,0,32
VMT_42B7AC_TClipboard,0,0,0,4372516,0,0,0,16
VMT_41D6D4_TCanvas,0,0,0,4314948,0,0,0,88
VMT_42FDC8_TControlCanvas,0,0,0,4390464,0,0,0,100
VMT_422D80_TBitmapCanvas,0,0,0,4337144,0,0,0,100
VMT_41D2C0_TGraphicsObject,0,0,0,4313908,0,0,4313880,24
VMT_41D610_TBrush,0,0,0,4314740,0,0,0,24
VMT_41D510_TPen,0,0,0,4314484,0,0,0,28
VMT_41D394_TFont,0,0,4314092,4314128,0,0,4314110,36
VMT_4144D4_TComponent,4277398,0,4277584,4277716,0,0,4277602,48
VMT_44AF10_TApplication,0,0,4501388,4501464,0,0,0,320
VMT_44AE38_TScreen,0,0,4501172,4501204,0,0,0,160
VMT_44336C_TMenu,0,0,4469748,4469796,0,0,4469766,88
VMT_443744_TPopupMenu,0,0,0,4470756,0,0,0,120
VMT_443460_TMainMenu,0,0,0,4470008,0,0,0,96
VMT_442F48_TMenuItem,0,0,4468700,4468784,0,0,4468726,172
VMT_441554_TCustomImageList,0,0,0,4462084,0,0,4462052,104
VMT_440368_TCustomActionList,0,0,0,4457500,0,0,4457452,104
VMT_430998_TControl,0,0,4393584,4394076,0,0,4393610,348
VMT_4312C4_TGraphicControl,0,0,0,4395964,0,0,4395936,356
VMT_42CD84_TCustomLabel,0,0,0,4378276,0,0,4378212,396
VMT_42CEC8_TLabel,0,0,0,4378548,0,0,0,400
VMT_42A5C8_TImage,0,0,0,4368064,0,0,4368036,384
VMT_430EE8_TWinControl,0,0,4395004,4395680,0,0,4395030,516
VMT_449568_TScrollingWinControl,0,0,0,4495048,0,0,4494984,540
VMT_449B64_TCustomForm,0,0,4496548,4496968,0,0,4496582,760
VMT_44AC08_TCustomDockForm,0,0,0,4500884,0,0,4500808,760
VMT_449E68_TForm,0,0,0,4497332,0,0,0,760
VMT_4296E8_TMessageForm,0,0,0,4364348,0,0,0,764
VMT_4313E4_TCustomControl,0,0,0,4396312,0,0,4396284,524
VMT_431540_THintWindow,0,0,0,4396696,0,0,4396652,536
VMT_42D638_TButtonControl,0,0,0,4380548,0,0,4380500,524
VMT_42D7AC_TButton,0,0,0,4380940,0,0,4380876,536
VMT_42AB4C_TTimer,0,0,0,4369372,0,0,4369352,68
VMT_4292B8_TCommonDialog,0,0,0,4363128,0,0,4363076,88
VMT_4146B4_TBasicAction,0,0,0,4278116,0,0,4278088,84
VMT_440244_TContainedAction,0,0,4457176,4457244,0,0,4457194,96
VMT_440560_TCustomAction,0,0,4457984,4458052,0,0,4458018,160
VMT_42EACC_THintAction,0,0,0,4385660,0,0,0,160
VMT_413B8C_TStrings,0,0,4275288,4275320,0,0,0,16
VMT_413CBC_TStringList,0,0,0,4275632,0,0,0,48
VMT_440444_TShortCutList,0,0,0,4457788,0,0,0,48
VMT_413AA0_TInterfacedPersistent,4274813,0,4274940,4274984,0,0,0,12
VMT_41DA84_TPicture,4315746,0,4315872,4315920,0,0,4315890,44
VMT_41D930_TGraphic,4315406,0,0,4315640,0,0,4315616,40
VMT_833FD0_TJPEGImage,0,0,0,8601744,0,0,0,72
VMT_41DE74_TIcon,0,0,0,4316976,0,0,0,52
VMT_41DD30_TBitmap,0,0,0,4316664,0,0,0,60
VMT_41DBF0_TMetafile,0,0,0,4316336,0,0,0,48
VMT_41395C_TBits,0,0,0,0,0,0,0,12
VMT_413904_TThreadList,0,0,0,0,0,0,0,36
VMT_4138A0_TList,0,0,0,0,0,0,0,16
VMT_8540F8_TObjectList,0,0,0,0,0,0,0,20
VMT_4FD79C_TCheatList,0,0,0,0,0,0,0,16
VMT_4439E8_TPopupList,0,0,0,0,0,0,0,20
VMT_431D14_TSiteList,0,0,0,0,0,0,0,16
VMT_426648_TObjectList,0,0,0,0,0,0,0,20
VMT_4214B8_TFileFormatsList,0,0,0,0,0,0,0,16
VMT_40FE3C_TCustomVariantType,4259354,0,0,0,0,0,0,12
VMT_4093B4_TThreadLocalCounter,0,0,0,0,0,0,0,68
VMT_408914_Exception,0,0,4229472,0,0,0,0,12
VMT_4BC6BC_EDirectXRender,0,0,0,0,0,0,0,16
VMT_468F20_EBlockPar,0,0,0,0,0,0,0,16
VMT_456794_ExceptionExpressionEC,0,0,0,0,0,0,0,12
VMT_442BBC_EMenuError,0,0,0,0,0,0,0,12
VMT_427310_EHelpSystemException,0,0,0,0,0,0,0,12
VMT_41CFE0_EInvalidGraphicOperation,0,0,0,0,0,0,0,12
VMT_41CF84_EInvalidGraphic,0,0,0,0,0,0,0,12
VMT_834154_EJPEG,0,0,0,0,0,0,0,12
VMT_41438C_EThread,0,0,0,0,0,0,0,12
VMT_413840_EInvalidOperation,0,0,0,0,0,0,0,12
VMT_413788_EComponentError,0,0,0,0,0,0,0,12
VMT_413728_EStringListError,0,0,0,0,0,0,0,12
VMT_4136D0_EBitsError,0,0,0,0,0,0,0,12
VMT_413678_EListError,0,0,0,0,0,0,0,12
VMT_41361C_EResNotFound,0,0,0,0,0,0,0,12
VMT_413348_EStreamError,0,0,0,0,0,0,0,12
VMT_4134B8_EFilerError,0,0,0,0,0,0,0,12
VMT_4135C0_EClassNotFound,0,0,0,0,0,0,0,12
VMT_413568_EWriteError,0,0,0,0,0,0,0,12
VMT_413510_EReadError,0,0,0,0,0,0,0,12
VMT_4133A4_EFileStreamError,0,0,0,0,0,0,0,12
VMT_413460_EFOpenError,0,0,0,0,0,0,0,12
VMT_413404_EFCreateError,0,0,0,0,0,0,0,12
VMT_409300_ESafecallException,0,0,0,0,0,0,0,12
VMT_4092A8_EOSError,0,0,0,0,0,0,0,16
VMT_40924C_EIntfCastError,0,0,0,0,0,0,0,12
VMT_4091F0_EAbstractError,0,0,0,0,0,0,0,12
VMT_409190_EAssertionFailed,0,0,0,0,0,0,0,12
VMT_409134_EVariantError,0,0,0,0,0,0,0,12
VMT_410360_EVariantDispatchError,0,0,0,0,0,0,0,12
VMT_4102FC_EVariantUnexpectedError,0,0,0,0,0,0,0,12
VMT_410294_EVariantOutOfMemoryError,0,0,0,0,0,0,0,12
VMT_410230_EVariantNotImplError,0,0,0,0,0,0,0,12
VMT_4101C8_EVariantArrayCreateError,0,0,0,0,0,0,0,12
VMT_410160_EVariantArrayLockedError,0,0,0,0,0,0,0,12
VMT_4100FC_EVariantBadIndexError,0,0,0,0,0,0,0,12
VMT_410098_EVariantBadVarTypeError,0,0,0,0,0,0,0,12
VMT_410034_EVariantInvalidArgError,0,0,0,0,0,0,0,12
VMT_40FFD0_EVariantOverflowError,0,0,0,0,0,0,0,12
VMT_40FF6C_EVariantTypeCastError,0,0,0,0,0,0,0,12
VMT_40FF08_EVariantInvalidOpError,0,0,0,0,0,0,0,12
VMT_408F6C_EConvertError,0,0,0,0,0,0,0,12
VMT_408F10_EInvalidCast,0,0,0,0,0,0,0,12
VMT_408AE0_EExternal,0,0,0,0,0,0,0,16
VMT_4090DC_EControlC,0,0,0,0,0,0,0,16
VMT_409080_EStackOverflow,0,0,0,0,0,0,0,16
VMT_409028_EPrivilege,0,0,0,0,0,0,0,16
VMT_408FC8_EAccessViolation,0,0,0,0,0,0,0,16
VMT_408CFC_EMathError,0,0,0,0,0,0,0,16
VMT_408E5C_EUnderflow,0,0,0,0,0,0,0,16
VMT_408E04_EOverflow,0,0,0,0,0,0,0,16
VMT_408DAC_EZeroDivide,0,0,0,0,0,0,0,16
VMT_408D54_EInvalidOp,0,0,0,0,0,0,0,16
VMT_408B98_EIntError,0,0,0,0,0,0,0,16
VMT_408CA0_EIntOverflow,0,0,0,0,0,0,0,16
VMT_408C48_ERangeError,0,0,0,0,0,0,0,16
VMT_408BF0_EDivByZero,0,0,0,0,0,0,0,16
VMT_408B38_EExternalException,0,0,0,0,0,0,0,16
VMT_408A88_EInOutError,0,0,0,0,0,0,0,16
VMT_4089D0_EHeapException,0,0,0,0,0,0,0,16
VMT_408EB4_EInvalidPointer,0,0,0,0,0,0,0,16
VMT_408A2C_EOutOfMemory,0,0,0,0,0,0,0,16
VMT_4137E4_EOutOfResources,0,0,0,0,0,0,0,16
VMT_40897C_EAbort,0,0,0,0,0,0,0,12
VMT_4AE840_EBreakMessageGI,0,0,0,0,0,0,0,12
VMT_4011E0_TInterfacedObject,4198845,0,0,0,0,0,0,12
VMT_431808_TDockTree,4397032,0,0,0,0,0,0,120
VMT_42ED68_TWinHelpViewer,4386064,0,4386228,0,0,0,0,36
VMT_4274E4_THelpManager,4355239,0,4355376,0,0,0,0,48
VMT_4141B4_TStreamAdapter,4276626,0,0,0,0,0,0,24
VMT_409490_TMultiReadExclusiveWriteSynchronizer,4232304,0,0,0,0,0,0,48
